#_elements,Avg_SeqSearch,Avg_BinSearch,
1,1.0,1.15625,
2,1.875,1.78125,
3,2.9375,2.03125,
4,3.59375,2.375,
5,4.75,2.84375,
6,5.40625,3.0,
7,6.4375,3.09375,
8,7.40625,3.375,
9,8.75,3.34375,
10,9.75,3.65625,
11,10.0,3.6875,
12,9.8125,3.71875,
13,12.09375,3.9375,
14,12.96875,4.0,
15,14.71875,4.03125,
16,15.53125,4.28125,
17,15.96875,4.25,
18,15.9375,4.21875,
19,18.09375,4.34375,
20,18.625,4.46875,
21,19.6875,4.5,
22,21.3125,4.65625,
23,21.0,4.65625,
24,22.71875,4.8125,
25,24.84375,4.78125,
26,24.78125,5.0,
27,23.78125,4.75,
28,26.59375,4.90625,
29,26.75,5.0,
30,25.625,5.03125,
31,28.125,5.09375,
32,27.8125,5.125,
33,31.75,5.03125,
34,27.8125,5.1875,
35,33.0,5.28125,
36,31.875,5.3125,
37,33.03125,5.4375,
38,34.65625,5.21875,
39,33.34375,5.46875,
40,37.46875,5.46875,
41,35.1875,5.5625,
42,37.78125,5.5,
43,40.96875,5.59375,
44,40.15625,5.5,
45,43.1875,5.46875,
46,41.96875,5.9375,
47,43.875,5.65625,
48,38.78125,5.75,
49,44.3125,5.875,
50,45.5,5.5,
51,48.53125,5.71875,
52,45.09375,5.9375,
53,49.53125,5.9375,
54,50.28125,5.875,
55,50.5,6.0,
56,47.78125,6.0625,
57,48.78125,5.71875,
58,54.59375,5.875,
59,50.96875,6.0,
60,55.6875,5.96875,
61,52.46875,5.875,
62,58.75,6.0,
63,61.8125,6.0,
64,58.375,6.25,
65,55.53125,6.09375,
66,56.96875,6.03125,
67,60.9375,6.25,
68,63.40625,6.0625,
69,63.3125,6.3125,
70,67.625,6.15625,
71,63.6875,6.1875,
72,65.21875,6.1875,
73,62.09375,6.09375,
74,67.1875,6.25,
75,67.34375,6.21875,
76,72.5,6.09375,
77,71.28125,6.375,
78,70.6875,6.28125,
79,71.90625,6.46875,
80,70.9375,6.46875,
81,73.5,6.34375,
82,80.28125,6.5,
83,77.8125,6.25,
84,72.84375,6.6875,
85,77.53125,6.625,
86,79.21875,6.34375,
87,73.375,6.34375,
88,81.8125,6.59375,
89,82.96875,6.5625,
90,82.625,6.59375,
91,81.90625,6.53125,
92,84.625,6.6875,
93,83.96875,6.4375,
94,85.59375,6.625,
95,86.375,6.8125,
96,92.5,6.75,
97,83.25,6.90625,
98,90.96875,6.75,
99,93.21875,6.75,
100,94.875,6.875,
101,92.59375,6.75,
102,82.59375,6.75,
103,99.65625,6.90625,
104,92.03125,6.75,
105,97.5625,6.78125,
106,100.6875,6.84375,
107,99.125,6.6875,
108,103.15625,6.875,
109,100.15625,7.0625,
110,98.71875,6.96875,
111,103.59375,6.90625,
112,89.46875,7.0,
113,104.625,6.875,
114,108.8125,6.84375,
115,107.78125,6.6875,
116,106.90625,6.9375,
117,108.46875,7.03125,
118,108.75,6.84375,
119,106.25,6.9375,
120,107.625,6.9375,
121,113.40625,6.71875,
122,112.09375,6.96875,
123,111.0625,7.125,
124,120.8125,6.9375,
125,108.40625,6.9375,
126,118.25,6.96875,
127,106.28125,6.9375,
128,115.9375,6.875,
129,116.65625,6.9375,
130,118.71875,7.0,
131,120.3125,7.1875,
132,123.5,6.8125,
133,114.59375,7.0625,
134,122.875,7.125,
135,125.1875,7.15625,
136,116.375,7.21875,
137,120.90625,7.125,
138,123.1875,7.125,
139,129.65625,7.4375,
140,127.53125,7.15625,
141,130.5625,7.0,
142,132.6875,7.1875,
143,137.875,7.25,
144,132.4375,7.28125,
145,143.09375,7.09375,
146,133.65625,7.46875,
147,122.0,7.375,
148,133.0,7.15625,
149,131.0,7.1875,
150,124.21875,7.125,
151,135.34375,7.46875,
152,145.65625,7.46875,
153,141.03125,7.34375,
154,137.125,7.53125,
155,131.84375,7.34375,
156,140.90625,7.25,
157,145.5625,7.34375,
158,134.59375,7.5,
159,147.4375,7.5,
160,143.65625,7.4375,
161,152.875,7.34375,
162,136.90625,7.25,
163,156.375,7.6875,
164,147.96875,7.625,
165,146.375,7.34375,
166,141.5,7.78125,
167,145.75,7.25,
168,141.84375,7.59375,
169,160.75,7.4375,
170,159.40625,7.4375,
171,149.3125,7.4375,
172,166.84375,7.5625,
173,160.71875,7.4375,
174,160.78125,7.4375,
175,159.875,7.5,
176,164.15625,7.5,
177,161.8125,7.375,
178,155.5,7.4375,
179,172.15625,7.5625,
180,158.1875,7.625,
181,165.6875,7.6875,
182,165.875,7.59375,
183,166.5,7.40625,
184,170.9375,7.625,
185,176.75,7.5625,
186,162.5625,7.78125,
187,171.21875,7.65625,
188,172.8125,7.65625,
189,184.5625,7.53125,
190,168.84375,7.625,
191,176.46875,7.6875,
192,175.71875,7.71875,
193,176.34375,7.59375,
194,176.3125,7.75,
195,173.90625,7.78125,
196,190.75,7.78125,
197,183.65625,7.5625,
198,180.0,7.8125,
199,178.90625,7.8125,
200,188.5,7.90625,
201,184.40625,7.78125,
202,174.0,7.53125,
203,192.75,7.9375,
204,190.34375,7.78125,
205,195.21875,7.875,
206,181.15625,7.6875,
207,189.09375,7.75,
208,189.1875,7.9375,
209,197.25,7.59375,
210,186.15625,7.65625,
211,205.75,7.8125,
212,168.5625,7.84375,
213,196.59375,7.875,
214,206.03125,7.78125,
215,200.28125,7.96875,
216,187.5,7.78125,
217,190.28125,7.8125,
218,200.90625,7.8125,
219,186.78125,7.71875,
220,197.59375,7.90625,
221,203.5,7.78125,
222,187.21875,7.75,
223,201.25,8.0,
224,219.25,7.8125,
225,191.3125,7.9375,
226,187.875,7.65625,
227,182.9375,8.03125,
228,210.65625,7.6875,
229,213.375,7.78125,
230,213.4375,7.90625,
231,199.625,7.90625,
232,219.9375,7.96875,
233,220.59375,7.875,
234,187.03125,8.03125,
235,200.6875,7.90625,
236,209.375,8.0625,
237,222.5,7.875,
238,216.78125,7.8125,
239,232.5625,8.0625,
240,210.6875,7.75,
241,218.3125,7.9375,
242,200.875,7.84375,
243,223.03125,7.90625,
244,196.875,7.90625,
245,224.3125,8.125,
246,245.53125,7.90625,
247,236.625,8.03125,
248,232.125,8.03125,
249,224.40625,8.0625,
250,212.4375,7.90625,
251,208.5,8.09375,
252,232.75,8.03125,
253,245.3125,7.96875,
254,216.40625,8.25,
255,255.0,8.0,
256,223.21875,8.03125,
257,240.6875,8.0625,
258,240.1875,7.96875,
259,252.75,8.0625,
260,230.71875,8.09375,
261,236.0625,8.25,
262,237.09375,8.09375,
263,231.5625,7.96875,
264,248.3125,7.96875,
265,250.1875,8.09375,
266,249.4375,8.1875,
267,241.59375,8.25,
268,237.0,8.15625,
269,251.46875,8.125,
270,251.03125,7.96875,
271,239.59375,8.25,
272,259.59375,8.1875,
273,235.53125,8.15625,
274,252.09375,8.25,
275,244.65625,8.15625,
276,249.78125,8.09375,
277,236.96875,8.21875,
278,233.25,8.125,
279,261.84375,8.21875,
280,266.625,7.875,
281,258.59375,8.15625,
282,245.40625,8.28125,
283,266.90625,8.21875,
284,257.5625,8.03125,
285,260.4375,8.1875,
286,272.1875,8.3125,
287,248.375,8.21875,
288,248.71875,8.09375,
289,281.03125,8.15625,
290,259.4375,8.0625,
291,267.9375,8.3125,
292,259.40625,8.34375,
293,274.78125,8.28125,
294,270.1875,8.40625,
295,246.125,8.125,
296,269.25,8.40625,
297,266.40625,8.375,
298,266.875,8.1875,
299,272.25,8.1875,
300,265.53125,8.40625,
301,281.3125,8.15625,
302,269.96875,8.15625,
303,271.03125,8.21875,
304,275.96875,8.34375,
305,288.53125,8.34375,
306,296.8125,8.125,
307,284.0625,8.40625,
308,282.21875,8.40625,
309,279.6875,8.1875,
310,271.6875,8.25,
311,301.875,8.21875,
312,271.1875,8.34375,
313,287.8125,8.0625,
314,298.5625,8.4375,
315,268.53125,8.40625,
316,278.46875,8.21875,
317,297.25,8.3125,
318,293.65625,8.46875,
319,264.0625,8.625,
320,298.6875,8.5,
321,293.46875,8.1875,
322,307.5625,8.5625,
323,287.59375,8.5,
324,306.15625,8.5,
325,307.15625,8.28125,
326,305.375,8.59375,
327,291.15625,8.3125,
328,276.53125,8.375,
329,277.5625,8.09375,
330,304.0625,8.40625,
331,300.53125,8.5625,
332,273.53125,8.40625,
333,304.84375,8.03125,
334,297.65625,8.4375,
335,312.0,8.5,
336,318.75,8.625,
337,325.65625,8.40625,
338,316.5,8.625,
339,289.3125,8.5,
340,317.40625,8.375,
341,320.96875,8.46875,
342,330.9375,8.53125,
343,319.9375,8.625,
344,334.4375,8.4375,
345,325.90625,8.25,
346,296.84375,8.59375,
347,337.71875,8.53125,
348,305.03125,8.65625,
349,321.9375,8.625,
350,314.28125,8.40625,
351,331.90625,8.53125,
352,301.53125,8.5625,
353,335.125,8.375,
354,332.3125,8.3125,
355,298.40625,8.65625,
356,332.78125,8.625,
357,330.5,8.5,
358,341.6875,8.65625,
359,337.0625,8.71875,
360,292.78125,8.28125,
361,331.53125,8.625,
362,324.75,8.65625,
363,331.9375,8.65625,
364,323.40625,8.5,
365,350.40625,8.5625,
366,329.59375,8.53125,
367,339.40625,8.53125,
368,337.0625,8.65625,
369,345.125,8.625,
370,342.65625,8.5625,
371,338.59375,8.5,
372,339.9375,8.53125,
373,327.53125,8.75,
374,325.125,8.65625,
375,333.59375,8.8125,
376,350.6875,8.59375,
377,366.78125,8.53125,
378,344.9375,8.625,
379,354.5625,8.71875,
380,334.625,8.53125,
381,342.40625,8.75,
382,350.71875,8.6875,
383,339.625,8.59375,
384,339.8125,8.71875,
385,361.3125,8.625,
386,346.125,8.6875,
387,350.4375,8.625,
388,365.0625,8.59375,
389,364.21875,8.78125,
390,349.625,8.65625,
391,345.78125,8.6875,
392,353.125,8.65625,
393,371.59375,8.71875,
394,375.875,8.84375,
395,338.0,8.625,
396,379.71875,8.78125,
397,374.5625,8.6875,
398,361.0,8.6875,
399,390.65625,8.75,
400,344.375,8.5,
401,354.375,8.75,
402,367.625,8.71875,
403,372.6875,8.6875,
404,356.1875,8.75,
405,374.0,8.875,
406,384.09375,8.5625,
407,378.125,8.53125,
408,359.3125,8.78125,
409,367.09375,8.875,
410,379.90625,8.59375,
411,374.65625,8.6875,
412,392.65625,8.71875,
413,335.65625,8.875,
414,367.0625,8.84375,
415,368.84375,8.65625,
416,392.59375,8.9375,
417,390.0625,8.75,
418,346.96875,8.5625,
419,372.1875,8.53125,
420,370.90625,8.5625,
421,351.09375,8.875,
422,377.375,8.875,
423,407.59375,8.4375,
424,380.59375,8.625,
425,415.90625,8.78125,
426,396.125,8.71875,
427,394.125,8.84375,
428,379.25,8.96875,
429,367.46875,8.65625,
430,387.375,8.625,
431,388.34375,8.84375,
432,390.78125,8.5625,
433,393.0625,8.6875,
434,421.375,8.875,
435,404.71875,8.71875,
436,414.625,8.8125,
437,417.53125,8.78125,
438,427.5,8.84375,
439,374.6875,8.84375,
440,405.0,8.875,
441,405.46875,8.59375,
442,421.0,8.8125,
443,432.0625,8.84375,
444,409.75,8.84375,
445,439.09375,8.65625,
446,430.53125,8.84375,
447,371.96875,8.96875,
448,409.28125,8.8125,
449,425.40625,8.90625,
450,417.5625,8.96875,
451,424.96875,8.8125,
452,425.25,9.0,
453,414.5625,8.8125,
454,400.46875,8.90625,
455,423.625,9.0,
456,426.15625,9.0,
457,423.625,8.90625,
458,395.09375,8.90625,
459,411.9375,8.9375,
460,420.0,8.90625,
461,390.4375,8.96875,
462,406.625,9.15625,
463,413.5,8.90625,
464,453.8125,8.9375,
465,400.46875,8.8125,
466,440.96875,8.8125,
467,432.1875,8.875,
468,440.59375,9.0,
469,410.4375,9.125,
470,452.0,8.875,
471,449.34375,8.78125,
472,426.8125,8.90625,
473,428.8125,8.8125,
474,420.0,8.625,
475,419.65625,8.9375,
476,447.9375,8.96875,
477,434.96875,9.0625,
478,440.40625,8.875,
479,423.5625,8.84375,
480,409.4375,8.90625,
481,428.6875,8.90625,
482,432.25,9.0625,
483,441.09375,9.09375,
484,431.6875,9.03125,
485,436.71875,8.875,
486,429.375,8.90625,
487,464.59375,9.0,
488,425.6875,8.875,
489,431.28125,8.90625,
490,450.46875,9.0,
491,419.65625,8.90625,
492,451.3125,9.0625,
493,451.46875,8.6875,
494,479.5625,9.0,
495,435.71875,9.0625,
496,463.4375,8.96875,
497,425.46875,9.03125,
498,462.625,8.9375,
499,446.15625,8.875,
500,481.15625,9.0,
501,408.78125,8.96875,
502,496.3125,9.03125,
503,457.59375,8.90625,
504,463.40625,9.0625,
505,470.625,8.875,
506,456.40625,8.90625,
507,453.65625,8.96875,
508,432.5625,9.0625,
509,467.03125,9.09375,
510,474.90625,9.0625,
511,484.09375,9.03125,
512,481.96875,9.03125,
513,483.25,8.96875,
514,482.0625,9.0,
515,483.40625,9.125,
516,442.03125,9.03125,
517,457.5625,9.21875,
518,411.6875,8.9375,
519,466.21875,8.90625,
520,470.6875,8.96875,
521,456.53125,9.03125,
522,476.375,9.15625,
523,492.5,9.0625,
524,479.625,9.125,
525,511.75,9.0,
526,496.1875,9.0625,
527,487.75,9.125,
528,496.53125,8.96875,
529,463.0,8.90625,
530,489.71875,9.125,
531,462.25,8.9375,
532,508.25,9.0,
533,487.59375,9.09375,
534,449.75,9.03125,
535,496.90625,9.125,
536,494.84375,8.90625,
537,493.34375,9.0,
538,485.6875,9.125,
539,498.84375,9.1875,
540,466.03125,9.25,
541,492.3125,9.25,
542,485.65625,9.0625,
543,504.1875,9.125,
544,522.96875,9.1875,
545,508.09375,9.28125,
546,516.96875,9.09375,
547,442.96875,9.28125,
548,438.625,9.28125,
549,462.8125,8.8125,
550,461.625,9.15625,
551,489.78125,9.40625,
552,493.40625,9.21875,
553,492.4375,9.0,
554,493.40625,9.25,
555,506.875,9.40625,
556,503.125,9.15625,
557,516.5,9.09375,
558,483.59375,8.96875,
559,475.9375,9.125,
560,531.15625,9.09375,
561,482.09375,9.0,
562,561.375,9.15625,
563,491.8125,9.1875,
564,546.375,9.125,
565,540.0625,8.90625,
566,503.3125,9.28125,
567,526.3125,9.03125,
568,498.6875,9.25,
569,536.3125,9.25,
570,511.65625,9.25,
571,552.1875,9.21875,
572,529.28125,9.15625,
573,516.03125,9.15625,
574,496.0,8.65625,
575,514.28125,9.3125,
576,544.0625,9.15625,
577,543.6875,8.84375,
578,560.40625,9.125,
579,505.0,9.375,
580,505.0,9.25,
581,525.25,9.25,
582,562.40625,9.21875,
583,533.5625,9.1875,
584,555.5,9.25,
585,568.8125,9.46875,
586,536.96875,9.25,
587,493.15625,9.40625,
588,553.1875,9.09375,
589,556.875,9.25,
590,542.25,9.0625,
591,584.78125,9.28125,
592,542.46875,9.25,
593,567.25,9.15625,
594,527.5,9.375,
595,577.875,9.375,
596,547.46875,9.28125,
597,535.90625,9.28125,
598,553.84375,9.4375,
599,540.34375,9.3125,
600,520.15625,9.625,
601,470.75,9.375,
602,545.6875,9.15625,
603,526.09375,9.1875,
604,561.59375,9.25,
605,524.8125,9.28125,
606,554.46875,9.28125,
607,543.375,9.46875,
608,564.1875,9.53125,
609,548.5625,9.34375,
610,551.15625,9.34375,
611,527.15625,9.5625,
612,569.875,9.3125,
613,581.84375,9.28125,
614,569.75,9.21875,
615,567.34375,9.46875,
616,584.90625,9.3125,
617,601.1875,9.28125,
618,543.03125,9.28125,
619,570.25,9.46875,
620,565.53125,9.34375,
621,590.59375,9.1875,
622,602.8125,9.34375,
623,576.0625,9.40625,
624,608.34375,9.40625,
625,586.0,9.53125,
626,560.40625,9.5625,
627,578.1875,9.28125,
628,565.15625,9.40625,
629,571.46875,9.15625,
630,582.375,9.34375,
631,587.25,9.46875,
632,533.875,9.125,
633,612.78125,9.34375,
634,564.6875,9.25,
635,573.9375,9.15625,
636,575.21875,9.375,
637,567.40625,9.3125,
638,583.625,9.375,
639,578.96875,9.5,
640,559.15625,9.53125,
641,558.8125,9.28125,
642,600.0,9.5,
643,577.8125,9.09375,
644,595.0,9.21875,
645,571.96875,9.5625,
646,621.1875,9.4375,
647,579.03125,9.6875,
648,592.0625,9.65625,
649,605.71875,9.21875,
650,604.28125,9.28125,
651,608.96875,9.5,
652,598.125,9.25,
653,616.75,9.3125,
654,583.34375,9.65625,
655,596.46875,9.28125,
656,602.0625,9.5,
657,555.0,9.03125,
658,578.1875,9.5,
659,601.25,9.40625,
660,629.5,9.3125,
661,578.59375,9.65625,
662,598.46875,9.5625,
663,620.3125,9.5625,
664,618.65625,9.34375,
665,619.125,9.40625,
666,591.84375,9.6875,
667,616.84375,9.46875,
668,640.34375,9.5,
669,591.625,9.53125,
670,605.28125,9.46875,
671,618.65625,9.25,
672,584.78125,9.59375,
673,613.09375,9.25,
674,648.25,9.4375,
675,650.09375,9.21875,
676,623.59375,9.28125,
677,601.84375,9.46875,
678,536.34375,9.375,
679,603.9375,9.5,
680,602.5,9.40625,
681,603.84375,9.59375,
682,638.96875,9.46875,
683,578.15625,9.6875,
684,659.1875,9.4375,
685,657.75,9.53125,
686,658.125,9.46875,
687,598.9375,9.40625,
688,636.0,9.40625,
689,571.25,9.375,
690,614.21875,9.5,
691,607.84375,9.53125,
692,691.1875,9.53125,
693,654.75,9.46875,
694,633.53125,9.65625,
695,666.59375,9.5625,
696,674.34375,9.625,
697,591.59375,9.71875,
698,638.65625,9.5625,
699,638.375,9.53125,
700,648.5625,9.59375,
701,646.0625,9.5625,
702,653.15625,9.5,
703,598.15625,9.75,
704,634.21875,9.5,
705,585.40625,9.5625,
706,621.0625,9.65625,
707,655.21875,9.28125,
708,540.125,9.40625,
709,648.75,9.5625,
710,675.5,9.375,
711,636.3125,9.53125,
712,666.09375,9.75,
713,660.75,9.4375,
714,709.46875,9.4375,
715,626.53125,9.625,
716,647.6875,9.59375,
717,639.53125,9.625,
718,640.4375,9.5625,
719,631.84375,9.40625,
720,656.40625,9.59375,
721,628.34375,9.3125,
722,714.4375,9.59375,
723,664.09375,9.3125,
724,632.125,9.8125,
725,676.28125,9.65625,
726,697.0625,9.5,
727,683.59375,9.59375,
728,609.0,9.4375,
729,694.75,9.59375,
730,669.25,9.5625,
731,680.21875,9.625,
732,691.71875,9.5,
733,639.59375,9.40625,
734,696.46875,9.28125,
735,657.84375,9.71875,
736,674.03125,9.40625,
737,670.3125,9.625,
738,679.28125,9.5625,
739,666.46875,9.4375,
740,698.53125,9.65625,
741,673.5625,9.5625,
742,672.90625,9.53125,
743,702.4375,9.46875,
744,665.25,9.78125,
745,701.4375,9.71875,
746,689.375,9.5625,
747,654.15625,9.46875,
748,640.90625,9.25,
749,682.625,9.59375,
750,636.625,9.53125,
751,695.46875,9.625,
752,639.59375,9.5,
753,699.71875,9.46875,
754,689.96875,9.71875,
755,728.09375,9.71875,
756,726.03125,9.78125,
757,704.8125,9.71875,
758,715.84375,9.5625,
759,673.3125,9.8125,
760,747.5,9.78125,
761,665.53125,9.5625,
762,689.09375,9.5625,
763,717.9375,9.625,
764,621.40625,9.71875,
765,675.4375,9.78125,
766,715.09375,9.75,
767,718.78125,9.6875,
768,690.59375,9.75,
769,680.0,9.84375,
770,723.28125,9.5,
771,693.65625,9.75,
772,748.15625,9.59375,
773,652.65625,9.65625,
774,707.28125,9.78125,
775,702.09375,9.75,
776,694.40625,9.78125,
777,698.46875,9.875,
778,696.53125,9.59375,
779,684.84375,9.71875,
780,732.03125,9.6875,
781,738.6875,9.53125,
782,680.84375,9.59375,
783,658.65625,9.46875,
784,687.8125,9.5625,
785,731.4375,9.8125,
786,725.5625,9.625,
787,667.8125,9.40625,
788,766.21875,9.71875,
789,682.40625,9.875,
790,737.78125,9.8125,
791,725.53125,9.71875,
792,736.09375,9.90625,
793,724.21875,9.65625,
794,744.3125,9.78125,
795,711.125,9.71875,
796,731.375,9.78125,
797,739.1875,9.65625,
798,730.0,9.75,
799,752.21875,9.75,
800,727.28125,9.59375,
801,699.75,9.625,
802,709.78125,9.59375,
803,752.71875,9.5,
804,731.40625,9.53125,
805,691.4375,10.0625,
806,741.3125,9.6875,
807,689.4375,9.28125,
808,785.25,9.71875,
809,739.15625,9.375,
810,752.53125,9.78125,
811,736.9375,9.59375,
812,714.15625,9.90625,
813,743.34375,9.6875,
814,758.15625,9.5,
815,722.1875,9.5625,
816,758.25,9.5,
817,667.1875,9.71875,
818,704.28125,9.40625,
819,757.25,9.625,
820,763.375,9.5625,
821,711.28125,9.96875,
822,753.625,9.625,
823,675.5,9.5625,
824,755.28125,9.59375,
825,760.25,9.90625,
826,795.65625,9.875,
827,763.125,9.6875,
828,799.96875,9.65625,
829,754.96875,9.6875,
830,764.3125,9.65625,
831,724.21875,9.90625,
832,707.3125,9.875,
833,725.34375,9.71875,
834,772.375,9.71875,
835,743.03125,9.59375,
836,796.78125,9.625,
837,735.3125,9.8125,
838,798.71875,9.90625,
839,742.84375,9.53125,
840,730.4375,9.6875,
841,783.15625,9.8125,
842,768.03125,9.75,
843,769.78125,9.46875,
844,767.78125,9.65625,
845,790.28125,10.0,
846,811.71875,9.84375,
847,743.625,9.65625,
848,814.90625,9.84375,
849,747.34375,9.75,
850,778.5,9.75,
851,786.53125,9.53125,
852,795.25,9.8125,
853,780.09375,9.84375,
854,778.59375,9.78125,
855,824.75,9.65625,
856,775.125,9.8125,
857,792.90625,9.71875,
858,791.15625,9.53125,
859,745.21875,9.90625,
860,782.71875,9.90625,
861,780.46875,9.71875,
862,732.9375,9.65625,
863,821.84375,9.875,
864,758.8125,9.75,
865,821.75,9.78125,
866,768.0625,9.8125,
867,850.28125,9.9375,
868,803.375,9.75,
869,802.78125,9.875,
870,826.0,9.84375,
871,821.90625,9.90625,
872,855.34375,9.9375,
873,840.8125,9.8125,
874,845.4375,9.875,
875,801.65625,9.75,
876,836.28125,10.0,
877,831.78125,9.96875,
878,771.46875,9.90625,
879,710.59375,9.5625,
880,780.28125,10.09375,
881,701.4375,9.8125,
882,820.6875,9.96875,
883,788.84375,9.5625,
884,877.875,9.84375,
885,802.34375,9.90625,
886,816.375,9.875,
887,823.46875,9.84375,
888,885.0625,9.84375,
889,773.59375,9.875,
890,757.59375,9.96875,
891,807.8125,9.875,
892,795.8125,10.03125,
893,797.8125,9.90625,
894,849.5,10.0,
895,825.34375,10.0,
896,828.03125,9.71875,
897,817.78125,9.78125,
898,839.09375,9.9375,
899,837.53125,10.0,
900,856.40625,9.9375,
901,792.625,9.5625,
902,870.4375,9.90625,
903,811.6875,9.78125,
904,757.15625,9.84375,
905,814.0625,9.90625,
906,851.96875,9.78125,
907,790.375,9.875,
908,794.59375,9.84375,
909,883.53125,9.65625,
910,847.28125,9.9375,
911,868.3125,9.875,
912,788.125,9.875,
913,834.15625,9.9375,
914,769.375,9.84375,
915,752.28125,10.0,
916,736.15625,9.875,
917,785.75,9.71875,
918,827.625,10.03125,
919,883.59375,9.96875,
920,907.0625,9.875,
921,845.59375,10.0,
922,855.1875,9.96875,
923,865.71875,10.0,
924,798.03125,9.875,
925,805.75,9.875,
926,818.9375,9.96875,
927,840.375,9.6875,
928,852.4375,10.0,
929,820.40625,9.9375,
930,864.625,10.0,
931,854.90625,9.84375,
932,863.34375,10.03125,
933,831.34375,9.96875,
934,845.1875,9.90625,
935,817.4375,9.8125,
936,811.875,9.65625,
937,870.625,9.65625,
938,909.90625,10.03125,
939,861.09375,9.75,
940,779.0,9.84375,
941,885.34375,9.96875,
942,826.5,9.8125,
943,785.1875,9.71875,
944,841.3125,10.03125,
945,847.75,9.875,
946,864.3125,9.78125,
947,850.5625,9.78125,
948,862.4375,9.8125,
949,871.8125,10.0625,
950,871.09375,10.0,
951,822.75,9.90625,
952,799.21875,10.0,
953,757.71875,9.75,
954,916.03125,9.9375,
955,913.09375,10.03125,
956,885.09375,9.90625,
957,842.15625,10.0625,
958,871.25,9.875,
959,887.59375,9.90625,
960,874.125,9.90625,
961,844.59375,9.875,
962,876.25,9.59375,
963,892.4375,9.8125,
964,877.375,10.0,
965,834.96875,9.96875,
966,916.375,10.0,
967,778.03125,9.90625,
968,910.375,9.875,
969,844.4375,10.0,
970,903.0625,9.9375,
971,859.59375,9.9375,
972,875.40625,9.90625,
973,854.5,10.03125,
974,904.5625,9.90625,
975,879.15625,10.09375,
976,844.03125,9.9375,
977,878.9375,9.96875,
978,855.28125,10.0625,
979,853.8125,9.875,
980,901.3125,10.0,
981,899.625,9.96875,
982,837.40625,10.03125,
983,861.53125,9.875,
984,860.28125,9.84375,
985,845.5,9.90625,
986,905.125,9.8125,
987,890.625,9.96875,
988,930.3125,10.125,
989,906.28125,10.0625,
990,831.125,10.0625,
991,907.5625,10.03125,
992,878.28125,10.0,
993,916.9375,10.03125,
994,890.09375,9.8125,
995,909.78125,10.09375,
996,900.1875,10.09375,
997,903.0,10.0625,
998,874.5,10.21875,
999,920.3125,10.0,
1000,955.75,10.0625,
1001,914.625,10.0,
1002,934.59375,9.875,
1003,928.625,10.03125,
1004,914.21875,9.78125,
1005,852.21875,9.96875,
1006,901.84375,9.84375,
1007,973.96875,9.9375,
1008,960.96875,10.0,
1009,938.78125,9.46875,
1010,897.0625,9.90625,
1011,923.4375,9.875,
1012,957.65625,9.96875,
1013,886.34375,10.15625,
1014,904.59375,10.09375,
1015,1015.0,10.0,
1016,952.6875,10.09375,
1017,915.34375,9.75,
1018,854.28125,9.96875,
1019,873.9375,9.875,
1020,913.125,10.09375,
1021,900.03125,9.875,
1022,935.65625,10.0625,
1023,1002.59375,10.09375,
1024,874.3125,9.9375,
1025,898.03125,9.875,
1026,923.71875,10.03125,
1027,972.03125,10.0,
1028,979.25,10.0625,
1029,923.1875,9.9375,
1030,908.0,9.9375,
1031,892.1875,9.78125,
1032,902.78125,9.9375,
1033,966.375,9.84375,
1034,906.90625,9.8125,
1035,947.5625,10.0625,
1036,974.5,9.9375,
1037,957.8125,9.96875,
1038,879.46875,10.1875,
1039,957.21875,9.9375,
1040,958.59375,10.15625,
1041,856.3125,10.09375,
1042,975.46875,10.15625,
1043,953.84375,10.125,
1044,934.34375,10.21875,
1045,925.78125,10.03125,
1046,915.09375,10.125,
1047,999.78125,10.09375,
1048,940.15625,10.09375,
1049,976.4375,10.03125,
1050,972.0,9.9375,
1051,967.75,9.9375,
1052,942.5,9.96875,
1053,937.96875,10.15625,
1054,946.5,10.0625,
1055,927.34375,10.03125,
1056,994.875,10.15625,
1057,1042.625,10.0,
1058,955.25,10.0625,
1059,946.59375,9.96875,
1060,921.96875,10.0625,
1061,896.875,10.03125,
1062,994.6875,9.75,
1063,970.4375,10.125,
1064,1026.875,10.125,
1065,935.0,10.09375,
1066,954.625,10.28125,
1067,956.5625,10.09375,
1068,994.59375,10.15625,
1069,1009.5,9.875,
1070,989.59375,10.125,
1071,1029.65625,10.09375,
1072,902.15625,10.0,
1073,922.9375,10.03125,
1074,996.0625,10.09375,
1075,903.03125,10.25,
1076,995.3125,10.1875,
1077,949.875,10.0,
1078,983.28125,10.25,
1079,947.375,10.125,
1080,1014.40625,10.21875,
1081,1012.40625,10.09375,
1082,1049.21875,10.125,
1083,993.59375,10.125,
1084,1084.0,10.0,
1085,988.46875,9.90625,
1086,1038.21875,10.0,
1087,938.34375,10.21875,
1088,963.40625,10.125,
1089,1003.03125,10.09375,
1090,945.4375,10.125,
1091,944.34375,10.09375,
1092,947.875,10.28125,
1093,949.0,10.15625,
1094,1008.4375,10.125,
1095,1080.8125,9.96875,
1096,939.03125,10.15625,
1097,1091.09375,10.25,
1098,1061.78125,10.25,
1099,1084.65625,10.0625,
1100,1057.46875,10.125,
1101,979.75,10.0625,
1102,931.40625,10.09375,
1103,915.375,10.46875,
1104,1040.0625,10.15625,
1105,941.34375,10.0625,
1106,973.40625,10.28125,
1107,983.625,10.40625,
1108,1033.5625,10.25,
1109,1069.5,10.03125,
1110,957.71875,9.96875,
1111,1006.25,10.03125,
1112,1007.21875,9.9375,
1113,1017.03125,10.09375,
1114,977.625,10.09375,
1115,1024.75,10.3125,
1116,1067.59375,10.25,
1117,1065.4375,10.09375,
1118,1027.4375,10.15625,
1119,931.84375,9.96875,
1120,1041.3125,10.3125,
1121,1085.15625,10.03125,
1122,998.28125,10.21875,
1123,955.875,10.28125,
1124,1082.59375,10.28125,
1125,1121.875,10.3125,
1126,1086.46875,10.28125,
1127,955.0625,10.1875,
1128,912.46875,10.34375,
1129,1028.625,10.125,
1130,1008.125,10.03125,
1131,961.9375,10.125,
1132,1053.59375,10.28125,
1133,1106.5,10.0625,
1134,1054.5,10.25,
1135,1056.59375,10.0625,
1136,1037.0625,10.1875,
1137,1016.5,10.40625,
1138,1015.75,10.125,
1139,1056.65625,10.15625,
1140,1001.125,10.0,
1141,1039.46875,10.25,
1142,1043.0,10.21875,
1143,987.0,9.90625,
1144,1032.65625,10.1875,
1145,1046.6875,10.4375,
1146,1092.1875,10.3125,
1147,1049.4375,10.28125,
1148,1084.875,10.21875,
1149,1111.5625,10.3125,
1150,1104.90625,10.28125,
1151,1059.21875,10.28125,
1152,989.65625,10.125,
1153,1066.125,10.34375,
1154,982.75,10.3125,
1155,1120.0,10.1875,
1156,1091.71875,10.34375,
1157,1091.5625,10.125,
1158,940.4375,10.25,
1159,1025.8125,10.34375,
1160,1087.0625,9.96875,
1161,1093.09375,10.28125,
1162,1093.5625,10.21875,
1163,1059.625,10.28125,
1164,1053.34375,10.34375,
1165,1093.1875,10.25,
1166,1008.21875,10.125,
1167,1045.75,10.21875,
1168,1044.0,10.1875,
1169,1127.28125,10.21875,
1170,1000.34375,10.28125,
1171,1083.125,10.375,
1172,1111.65625,10.21875,
1173,953.34375,10.28125,
1174,1107.09375,10.28125,
1175,1018.65625,10.375,
1176,1132.84375,9.96875,
1177,1087.84375,10.25,
1178,1080.375,10.21875,
1179,1105.78125,10.21875,
1180,1116.03125,10.3125,
1181,1079.90625,10.21875,
1182,1082.625,10.375,
1183,1042.90625,10.1875,
1184,1108.875,10.375,
1185,1032.125,10.25,
1186,1019.40625,10.375,
1187,991.78125,10.40625,
1188,1126.625,10.03125,
1189,1056.78125,10.375,
1190,1102.6875,10.40625,
1191,1080.0625,10.21875,
1192,1176.15625,10.1875,
1193,1044.75,10.21875,
1194,1097.1875,10.40625,
1195,1062.4375,10.21875,
1196,1158.125,10.375,
1197,1074.25,10.34375,
1198,1092.6875,10.375,
1199,1057.8125,10.28125,
1200,1023.25,10.40625,
1201,1083.34375,10.28125,
1202,1041.75,10.28125,
1203,1060.96875,10.375,
1204,1182.40625,10.40625,
1205,1162.59375,10.34375,
1206,1177.78125,10.09375,
1207,1142.34375,10.34375,
1208,1074.53125,10.375,
1209,1197.3125,10.5,
1210,1172.84375,10.375,
1211,1155.8125,10.375,
1212,1079.71875,10.5,
1213,1055.71875,10.34375,
1214,1097.25,10.3125,
1215,1102.4375,10.5625,
1216,1144.75,10.46875,
1217,1162.4375,10.25,
1218,1194.375,10.40625,
1219,1158.6875,10.40625,
1220,1113.03125,10.3125,
1221,1014.5,10.4375,
1222,1143.34375,10.40625,
1223,1184.4375,10.34375,
1224,1100.03125,10.40625,
1225,1161.5,10.34375,
1226,1161.6875,10.21875,
1227,1069.34375,10.1875,
1228,1121.375,10.40625,
1229,1051.15625,10.125,
1230,1105.875,10.5,
1231,1128.875,10.21875,
1232,1205.90625,10.34375,
1233,1121.625,10.28125,
1234,1086.9375,10.53125,
1235,1107.84375,10.5625,
1236,1051.625,10.46875,
1237,1103.84375,10.1875,
1238,1155.5625,10.375,
1239,1173.4375,10.3125,
1240,1136.875,10.4375,
1241,1143.9375,10.375,
1242,1225.0625,10.21875,
1243,1202.875,10.34375,
1244,1154.40625,10.5,
1245,1064.78125,10.28125,
1246,1152.3125,10.5,
1247,1093.125,10.1875,
1248,1053.5625,10.25,
1249,998.125,10.25,
1250,1036.0625,10.1875,
1251,1121.25,10.03125,
1252,1122.40625,10.4375,
1253,1150.65625,10.34375,
1254,1056.65625,10.46875,
1255,1235.09375,10.375,
1256,1106.9375,10.53125,
1257,1104.03125,10.3125,
1258,1100.84375,10.28125,
1259,1078.90625,10.375,
1260,1211.375,10.4375,
1261,1211.75,10.46875,
1262,1134.53125,10.65625,
1263,1171.4375,10.46875,
1264,1211.21875,10.46875,
1265,1232.34375,10.40625,
1266,1199.6875,10.625,
1267,1150.71875,10.34375,
1268,1171.15625,10.21875,
1269,1185.71875,10.3125,
1270,1172.8125,10.53125,
1271,1191.90625,10.5,
1272,1199.6875,10.375,
1273,1168.40625,10.4375,
1274,1135.75,10.375,
1275,1133.28125,10.4375,
1276,1214.625,10.3125,
1277,1073.3125,10.03125,
1278,1206.96875,10.53125,
1279,1152.90625,10.59375,
1280,1132.3125,10.46875,
1281,1221.6875,10.1875,
1282,1130.5,10.40625,
1283,1187.40625,10.53125,
1284,1162.03125,10.21875,
1285,1193.78125,10.46875,
1286,1126.21875,10.34375,
1287,1174.125,10.40625,
1288,1107.15625,10.5,
1289,1179.375,10.4375,
1290,1106.59375,10.53125,
1291,1156.15625,10.34375,
1292,1242.625,10.34375,
1293,1026.5,10.625,
1294,1207.625,10.46875,
1295,1175.78125,10.4375,
1296,1188.65625,10.1875,
1297,1099.0625,10.15625,
1298,1210.46875,10.4375,
1299,1161.15625,10.5,
1300,1266.59375,10.4375,
1301,1156.53125,10.4375,
1302,1136.84375,10.59375,
1303,1203.9375,10.4375,
1304,1143.0,10.1875,
1305,1178.75,10.34375,
1306,1274.0,10.34375,
1307,1214.4375,10.53125,
1308,1227.96875,10.53125,
1309,1199.59375,10.28125,
1310,1241.71875,10.5,
1311,1154.15625,10.0625,
1312,1215.21875,10.65625,
1313,1150.6875,10.3125,
1314,1185.625,10.3125,
1315,1088.40625,10.15625,
1316,1203.65625,10.28125,
1317,1242.03125,10.28125,
1318,1137.6875,10.59375,
1319,1158.59375,10.40625,
1320,1219.03125,10.28125,
1321,1151.625,10.03125,
1322,1222.09375,10.625,
1323,1212.40625,10.1875,
1324,1230.8125,10.59375,
1325,1191.34375,10.5,
1326,1273.25,10.375,
1327,1204.28125,10.375,
1328,1266.40625,10.34375,
1329,1230.46875,10.625,
1330,1085.21875,10.25,
1331,1206.46875,10.5,
1332,1223.375,10.4375,
1333,1240.5,10.46875,
1334,1223.625,10.3125,
1335,1152.375,10.375,
1336,1181.90625,10.5625,
1337,1263.4375,10.46875,
1338,1263.03125,10.65625,
1339,1323.75,10.40625,
1340,1263.90625,10.28125,
1341,1255.125,10.53125,
1342,1251.875,10.4375,
1343,1214.1875,10.25,
1344,1208.375,10.4375,
1345,1264.03125,10.625,
1346,1213.0625,10.65625,
1347,1173.5,10.3125,
1348,1218.0,10.65625,
1349,1071.21875,10.59375,
1350,1244.90625,10.59375,
1351,1190.53125,10.5625,
1352,1220.03125,10.6875,
1353,1280.1875,10.53125,
1354,1240.65625,10.53125,
1355,1271.0,10.5,
1356,1232.90625,10.625,
1357,1326.6875,10.15625,
1358,1299.28125,10.5625,
1359,1237.34375,10.25,
1360,1090.0,10.3125,
1361,1212.6875,10.59375,
1362,1292.21875,10.5625,
1363,1245.6875,10.34375,
1364,1181.125,10.4375,
1365,1258.15625,10.46875,
1366,1277.1875,10.1875,
1367,1276.90625,10.5,
1368,1306.03125,10.625,
1369,1230.09375,10.5,
1370,1304.4375,10.375,
1371,1198.09375,10.4375,
1372,1254.875,10.40625,
1373,1246.46875,10.4375,
1374,1257.90625,10.15625,
1375,1336.03125,10.375,
1376,1217.125,10.59375,
1377,1268.90625,10.4375,
1378,1219.84375,10.40625,
1379,1297.0,10.625,
1380,1244.5,10.375,
1381,1188.8125,10.5,
1382,1189.125,10.53125,
1383,1321.875,10.4375,
1384,1283.96875,10.34375,
1385,1219.0,10.46875,
1386,1294.46875,10.3125,
1387,1302.84375,10.5625,
1388,1277.625,10.4375,
1389,1293.375,10.5625,
1390,1129.40625,10.59375,
1391,1302.125,10.59375,
1392,1300.0625,10.75,
1393,1322.78125,10.65625,
1394,1246.3125,10.375,
1395,1282.4375,10.59375,
1396,1346.875,10.25,
1397,1320.9375,10.65625,
1398,1303.375,10.4375,
1399,1252.3125,10.625,
1400,1320.90625,10.53125,
1401,1321.28125,10.53125,
1402,1206.875,10.5,
1403,1267.28125,10.71875,
1404,1305.65625,10.53125,
1405,1290.65625,10.46875,
1406,1179.5625,10.5625,
1407,1347.5625,10.59375,
1408,1331.5625,10.625,
1409,1215.78125,10.65625,
1410,1208.0625,10.4375,
1411,1270.4375,10.65625,
1412,1264.3125,10.53125,
1413,1221.96875,10.5625,
1414,1382.53125,10.53125,
1415,1319.34375,10.5625,
1416,1285.90625,10.59375,
1417,1190.25,10.375,
1418,1279.75,10.28125,
1419,1291.40625,10.1875,
1420,1280.84375,10.34375,
1421,1290.0,10.4375,
1422,1265.90625,10.375,
1423,1246.875,10.5,
1424,1362.96875,10.5625,
1425,1353.5,10.4375,
1426,1290.1875,10.5625,
1427,1303.8125,10.75,
1428,1364.25,10.6875,
1429,1224.34375,10.34375,
1430,1395.28125,10.5,
1431,1296.75,10.6875,
1432,1273.0,10.6875,
1433,1271.4375,10.71875,
1434,1373.5,10.75,
1435,1314.46875,10.46875,
1436,1235.96875,10.875,
1437,1293.75,10.3125,
1438,1294.5625,10.1875,
1439,1370.625,10.46875,
1440,1139.75,10.40625,
1441,1356.125,10.5,
1442,1339.875,10.71875,
1443,1276.03125,10.5625,
1444,1287.375,10.4375,
1445,1298.71875,10.5,
1446,1275.40625,10.40625,
1447,1365.0625,10.53125,
1448,1382.5,10.625,
1449,1352.03125,10.4375,
1450,1254.6875,10.53125,
1451,1333.5625,10.46875,
1452,1325.84375,10.53125,
1453,1331.8125,10.34375,
1454,1386.625,10.5625,
1455,1365.71875,10.75,
1456,1392.34375,10.59375,
1457,1399.21875,10.5625,
1458,1341.3125,10.4375,
1459,1352.65625,10.40625,
1460,1387.71875,10.75,
1461,1376.9375,10.53125,
1462,1286.15625,10.8125,
1463,1266.5,10.46875,
1464,1281.8125,10.78125,
1465,1212.625,10.75,
1466,1288.875,10.59375,
1467,1323.53125,10.40625,
1468,1377.75,10.65625,
1469,1308.46875,10.40625,
1470,1383.1875,10.625,
1471,1443.78125,10.6875,
1472,1359.46875,10.5,
1473,1258.5625,10.90625,
1474,1391.40625,10.78125,
1475,1384.125,10.59375,
1476,1270.625,10.3125,
1477,1393.84375,10.625,
1478,1358.25,10.53125,
1479,1408.75,10.6875,
1480,1329.03125,10.53125,
1481,1364.15625,10.5625,
1482,1329.53125,10.5,
1483,1407.78125,10.65625,
1484,1412.4375,10.5625,
1485,1438.71875,10.8125,
1486,1348.78125,10.65625,
1487,1374.9375,10.5,
1488,1239.71875,10.8125,
1489,1366.875,10.6875,
1490,1331.03125,10.34375,
1491,1382.125,10.4375,
1492,1429.53125,10.59375,
1493,1456.40625,10.59375,
1494,1225.3125,10.5,
1495,1421.25,10.75,
1496,1421.0,10.6875,
1497,1394.875,10.78125,
1498,1344.4375,10.4375,
1499,1434.15625,10.6875,
1500,1398.375,10.59375,
1501,1443.3125,10.75,
1502,1359.0625,10.65625,
1503,1271.34375,10.78125,
1504,1319.8125,10.71875,
1505,1425.90625,10.75,
1506,1401.34375,10.6875,
1507,1420.875,10.5625,
1508,1307.875,10.6875,
1509,1356.21875,10.53125,
1510,1348.8125,10.5,
1511,1390.59375,10.65625,
1512,1406.75,10.84375,
1513,1444.8125,10.65625,
1514,1459.65625,10.6875,
1515,1409.65625,10.625,
1516,1373.5,10.53125,
1517,1357.65625,10.71875,
1518,1342.5625,10.6875,
1519,1512.6875,10.84375,
1520,1220.875,10.71875,
1521,1378.65625,10.75,
1522,1335.40625,10.84375,
1523,1313.375,10.625,
1524,1382.0,10.59375,
1525,1428.09375,10.5625,
1526,1441.5,10.59375,
1527,1359.78125,10.71875,
1528,1373.875,10.5625,
1529,1378.40625,10.5625,
1530,1454.09375,10.65625,
1531,1454.875,10.6875,
1532,1396.5625,10.59375,
1533,1451.53125,10.78125,
1534,1289.21875,10.34375,
1535,1183.6875,10.53125,
1536,1467.8125,10.84375,
1537,1366.25,10.5625,
1538,1429.46875,10.46875,
1539,1306.09375,10.65625,
1540,1339.46875,10.71875,
1541,1398.3125,10.78125,
1542,1390.78125,10.84375,
1543,1415.78125,10.625,
1544,1465.59375,10.5625,
1545,1399.34375,10.625,
1546,1306.5625,10.71875,
1547,1336.53125,10.78125,
1548,1424.28125,10.6875,
1549,1274.03125,10.75,
1550,1371.6875,10.6875,
1551,1425.71875,10.8125,
1552,1437.78125,10.75,
1553,1356.3125,10.6875,
1554,1510.28125,10.6875,
1555,1477.125,10.6875,
1556,1375.78125,10.78125,
1557,1456.34375,10.46875,
1558,1390.1875,10.65625,
1559,1487.625,10.65625,
1560,1431.75,10.4375,
1561,1411.25,10.78125,
1562,1387.59375,10.6875,
1563,1425.15625,10.46875,
1564,1482.40625,10.6875,
1565,1424.125,10.75,
1566,1487.53125,10.8125,
1567,1425.0,10.625,
1568,1455.625,10.6875,
1569,1455.0,10.75,
1570,1290.6875,10.71875,
1571,1383.4375,10.625,
1572,1384.21875,10.625,
1573,1505.28125,10.6875,
1574,1494.78125,10.84375,
1575,1392.6875,10.78125,
1576,1482.15625,10.625,
1577,1372.09375,10.375,
1578,1499.875,10.6875,
1579,1336.5,10.6875,
1580,1353.8125,10.6875,
1581,1375.53125,10.5,
1582,1438.375,10.6875,
1583,1458.0,10.46875,
1584,1436.0625,10.75,
1585,1314.21875,10.75,
1586,1411.875,10.6875,
1587,1538.9375,10.6875,
1588,1520.34375,10.84375,
1589,1385.65625,10.71875,
1590,1495.6875,10.71875,
1591,1484.90625,10.875,
1592,1553.6875,10.8125,
1593,1444.6875,10.71875,
1594,1347.875,10.65625,
1595,1462.90625,10.5625,
1596,1454.1875,10.59375,
1597,1454.15625,10.6875,
1598,1419.75,10.75,
1599,1489.1875,10.71875,
1600,1406.90625,10.59375,
1601,1493.09375,10.78125,
1602,1362.96875,10.4375,
1603,1484.15625,10.84375,
1604,1471.59375,10.8125,
1605,1416.96875,10.59375,
1606,1428.84375,10.875,
1607,1546.53125,10.9375,
1608,1464.625,10.75,
1609,1545.4375,10.53125,
1610,1433.875,10.78125,
1611,1484.75,10.84375,
1612,1394.8125,10.75,
1613,1478.53125,10.75,
1614,1470.78125,10.5625,
1615,1342.3125,10.78125,
1616,1532.3125,10.65625,
1617,1456.375,10.75,
1618,1423.96875,10.40625,
1619,1384.46875,10.71875,
1620,1443.46875,10.71875,
1621,1520.5,10.75,
1622,1414.46875,10.75,
1623,1545.90625,10.75,
1624,1436.625,10.34375,
1625,1587.71875,10.8125,
1626,1453.9375,10.8125,
1627,1443.65625,10.875,
1628,1353.5,10.625,
1629,1525.75,10.75,
1630,1422.21875,10.875,
1631,1458.4375,10.875,
1632,1510.1875,10.90625,
1633,1563.625,10.875,
1634,1462.875,10.6875,
1635,1474.65625,10.625,
1636,1519.8125,10.6875,
1637,1569.0,10.5625,
1638,1509.5625,10.6875,
1639,1472.75,10.78125,
1640,1428.53125,10.875,
1641,1567.78125,10.65625,
1642,1465.46875,10.65625,
1643,1333.125,11.0625,
1644,1327.375,11.0,
1645,1409.21875,10.8125,
1646,1471.78125,10.8125,
1647,1449.4375,10.9375,
1648,1515.65625,10.65625,
1649,1610.59375,10.71875,
1650,1573.90625,10.65625,
1651,1455.40625,10.96875,
1652,1558.0,10.84375,
1653,1471.1875,10.75,
1654,1591.875,10.6875,
1655,1506.9375,10.84375,
1656,1454.1875,10.8125,
1657,1375.78125,10.6875,
1658,1228.59375,10.96875,
1659,1373.03125,10.8125,
1660,1480.125,10.75,
1661,1556.28125,10.5625,
1662,1436.0,10.6875,
1663,1507.28125,10.65625,
1664,1606.59375,10.84375,
1665,1496.875,10.6875,
1666,1606.75,10.78125,
1667,1569.125,10.6875,
1668,1661.0,10.78125,
1669,1508.375,10.84375,
1670,1577.78125,10.84375,
1671,1602.5,10.8125,
1672,1466.125,10.90625,
1673,1428.9375,10.84375,
1674,1634.65625,10.75,
1675,1491.59375,11.0,
1676,1550.15625,10.90625,
1677,1504.96875,11.0,
1678,1528.34375,10.84375,
1679,1591.90625,10.6875,
1680,1621.71875,10.90625,
1681,1491.5625,10.8125,
1682,1482.59375,10.5,
1683,1571.4375,10.875,
1684,1466.0625,10.75,
1685,1612.40625,10.90625,
1686,1668.25,10.75,
1687,1577.15625,10.71875,
1688,1573.46875,10.84375,
1689,1580.6875,10.90625,
1690,1534.375,11.0,
1691,1667.0,10.84375,
1692,1456.09375,10.59375,
1693,1511.1875,10.8125,
1694,1489.71875,10.75,
1695,1502.21875,10.78125,
1696,1675.28125,10.6875,
1697,1599.03125,10.84375,
1698,1636.65625,10.71875,
1699,1375.21875,10.84375,
1700,1450.34375,10.75,
1701,1463.375,10.71875,
1702,1625.53125,10.71875,
1703,1416.6875,10.71875,
1704,1469.34375,10.875,
1705,1569.75,10.6875,
1706,1597.71875,10.53125,
1707,1619.4375,10.6875,
1708,1541.59375,10.53125,
1709,1616.875,10.84375,
1710,1575.59375,10.8125,
1711,1568.4375,10.6875,
1712,1536.96875,10.9375,
1713,1545.4375,10.90625,
1714,1504.9375,10.625,
1715,1571.84375,10.6875,
1716,1574.25,10.6875,
1717,1536.59375,10.5625,
1718,1566.65625,10.78125,
1719,1481.21875,11.0,
1720,1602.21875,10.59375,
1721,1538.4375,10.53125,
1722,1557.34375,10.8125,
1723,1596.21875,10.78125,
1724,1601.21875,10.8125,
1725,1585.03125,10.46875,
1726,1643.0625,10.78125,
1727,1572.625,10.875,
1728,1593.21875,10.90625,
1729,1493.21875,11.09375,
1730,1557.96875,10.625,
1731,1576.90625,10.8125,
1732,1559.96875,10.84375,
1733,1681.84375,10.96875,
1734,1481.375,10.53125,
1735,1536.8125,10.75,
1736,1553.34375,10.84375,
1737,1533.59375,10.78125,
1738,1516.9375,10.84375,
1739,1564.875,10.75,
1740,1542.3125,10.75,
1741,1672.1875,10.8125,
1742,1696.875,10.6875,
1743,1574.9375,10.84375,
1744,1520.0,10.96875,
1745,1600.53125,10.8125,
1746,1683.03125,10.78125,
1747,1506.3125,11.0,
1748,1612.25,10.78125,
1749,1618.8125,10.875,
1750,1672.15625,10.5625,
1751,1544.625,10.875,
1752,1564.0,10.84375,
1753,1627.0625,10.78125,
1754,1484.1875,10.65625,
1755,1668.5,10.65625,
1756,1688.75,10.6875,
1757,1557.8125,10.8125,
1758,1661.40625,10.875,
1759,1568.28125,10.90625,
1760,1667.25,10.71875,
1761,1628.96875,10.9375,
1762,1687.5,10.8125,
1763,1549.84375,10.65625,
1764,1656.6875,10.96875,
1765,1616.28125,10.71875,
1766,1704.53125,10.875,
1767,1609.8125,10.9375,
1768,1460.9375,10.8125,
1769,1578.09375,10.84375,
1770,1643.59375,10.84375,
1771,1499.03125,10.84375,
1772,1486.40625,10.71875,
1773,1647.46875,10.9375,
1774,1587.90625,10.78125,
1775,1612.8125,10.9375,
1776,1754.375,10.875,
1777,1678.75,10.78125,
1778,1540.75,10.59375,
1779,1527.34375,10.84375,
1780,1593.4375,10.59375,
1781,1632.90625,11.09375,
1782,1643.125,10.90625,
1783,1550.71875,11.0,
1784,1655.15625,10.75,
1785,1679.59375,10.9375,
1786,1702.25,10.8125,
1787,1710.875,10.90625,
1788,1706.75,10.90625,
1789,1639.125,10.71875,
1790,1645.3125,10.8125,
1791,1706.4375,10.96875,
1792,1662.6875,10.78125,
1793,1642.96875,11.0,
1794,1717.65625,10.75,
1795,1693.5,10.875,
1796,1632.375,10.8125,
1797,1668.75,10.90625,
1798,1613.75,10.84375,
1799,1640.75,10.875,
1800,1646.34375,10.6875,
1801,1661.59375,10.8125,
1802,1653.65625,10.90625,
1803,1532.5625,10.96875,
1804,1546.125,10.8125,
1805,1603.78125,10.9375,
1806,1594.90625,10.875,
1807,1727.9375,10.875,
1808,1647.28125,10.75,
1809,1699.1875,10.90625,
1810,1648.71875,10.90625,
1811,1498.375,10.625,
1812,1639.71875,10.8125,
1813,1683.21875,10.90625,
1814,1618.5625,10.84375,
1815,1662.90625,10.78125,
1816,1643.5,10.65625,
1817,1699.28125,10.84375,
1818,1633.40625,10.96875,
1819,1671.34375,10.84375,
1820,1554.40625,10.9375,
1821,1681.59375,10.875,
1822,1526.34375,11.0625,
1823,1620.03125,10.78125,
1824,1618.0,10.8125,
1825,1731.3125,11.03125,
1826,1669.75,11.03125,
1827,1656.28125,10.78125,
1828,1619.71875,10.65625,
1829,1738.40625,10.875,
1830,1723.46875,10.9375,
1831,1618.71875,10.84375,
1832,1808.03125,10.8125,
1833,1643.59375,11.0,
1834,1782.1875,10.96875,
1835,1608.09375,10.90625,
1836,1752.125,10.875,
1837,1682.125,10.96875,
1838,1695.5,10.75,
1839,1663.8125,11.0,
1840,1731.84375,10.8125,
1841,1728.125,10.90625,
1842,1679.125,10.78125,
1843,1688.96875,10.96875,
1844,1731.5625,10.875,
1845,1644.625,10.625,
1846,1788.625,10.9375,
1847,1847.0,10.90625,
1848,1756.8125,10.875,
1849,1583.625,10.78125,
1850,1780.21875,11.03125,
1851,1731.46875,10.90625,
1852,1727.40625,10.8125,
1853,1681.375,10.8125,
1854,1682.6875,10.9375,
1855,1724.03125,10.9375,
1856,1678.46875,11.03125,
1857,1528.28125,10.875,
1858,1633.40625,10.96875,
1859,1635.625,10.96875,
1860,1708.3125,11.0,
1861,1574.96875,10.90625,
1862,1639.75,10.75,
1863,1693.8125,11.0,
1864,1725.75,11.03125,
1865,1773.34375,10.875,
1866,1856.34375,10.875,
1867,1813.5,11.0,
1868,1726.0625,10.84375,
1869,1669.5,10.90625,
1870,1753.96875,10.53125,
1871,1632.28125,10.59375,
1872,1683.0625,10.96875,
1873,1677.5,11.03125,
1874,1615.28125,11.0,
1875,1642.875,11.0,
1876,1830.1875,10.9375,
1877,1638.5,10.90625,
1878,1784.65625,10.90625,
1879,1680.40625,10.875,
1880,1860.09375,10.96875,
1881,1630.21875,10.96875,
1882,1584.65625,11.03125,
1883,1859.625,10.84375,
1884,1751.09375,11.03125,
1885,1662.84375,10.6875,
1886,1612.3125,11.0,
1887,1757.9375,10.9375,
1888,1760.1875,10.90625,
1889,1809.875,11.03125,
1890,1818.90625,10.75,
1891,1561.71875,10.875,
1892,1719.03125,10.5,
1893,1615.3125,11.0,
1894,1804.09375,10.875,
1895,1717.34375,10.9375,
1896,1648.28125,10.875,
1897,1827.8125,10.9375,
1898,1718.5,10.84375,
1899,1804.84375,10.84375,
1900,1791.53125,10.90625,
1901,1683.375,11.0,
1902,1594.5625,10.8125,
1903,1598.375,10.90625,
1904,1825.9375,10.84375,
1905,1797.15625,10.9375,
1906,1672.3125,10.90625,
1907,1826.3125,10.6875,
1908,1751.375,10.9375,
1909,1868.03125,10.96875,
1910,1637.53125,11.0,
1911,1723.09375,11.09375,
1912,1692.0625,10.875,
1913,1711.40625,10.78125,
1914,1681.90625,10.8125,
1915,1786.9375,10.96875,
1916,1671.46875,10.96875,
1917,1789.75,10.9375,
1918,1680.40625,10.9375,
1919,1709.28125,10.875,
1920,1653.8125,11.0,
1921,1787.21875,10.90625,
1922,1668.875,10.6875,
1923,1920.46875,11.0,
1924,1625.875,10.9375,
1925,1753.96875,10.84375,
1926,1783.1875,10.90625,
1927,1815.96875,11.03125,
1928,1779.0625,10.90625,
1929,1546.96875,10.9375,
1930,1836.21875,10.875,
1931,1901.0,10.96875,
1932,1810.625,10.90625,
1933,1844.09375,10.90625,
1934,1599.8125,10.9375,
1935,1838.34375,10.8125,
1936,1634.3125,10.875,
1937,1599.15625,10.875,
1938,1662.96875,10.875,
1939,1842.46875,10.9375,
1940,1754.25,10.9375,
1941,1873.0625,11.0,
1942,1802.625,10.875,
1943,1883.625,11.0625,
1944,1746.125,11.03125,
1945,1718.65625,10.84375,
1946,1729.71875,11.09375,
1947,1802.71875,11.0625,
1948,1772.375,11.09375,
1949,1728.5625,10.84375,
1950,1686.3125,11.03125,
1951,1807.96875,10.875,
1952,1696.90625,10.9375,
1953,1691.78125,11.0625,
1954,1813.40625,11.0625,
1955,1726.875,10.875,
1956,1742.59375,10.9375,
1957,1765.65625,10.625,
1958,1645.9375,10.9375,
1959,1792.8125,10.90625,
1960,1818.21875,10.96875,
1961,1807.0,10.96875,
1962,1745.3125,10.75,
1963,1710.28125,11.03125,
1964,1747.1875,11.0,
1965,1599.84375,10.5,
1966,1912.625,10.875,
1967,1818.9375,11.09375,
1968,1833.34375,11.0,
1969,1693.84375,10.9375,
1970,1772.0625,10.71875,
1971,1930.5,11.0,
1972,1888.65625,10.96875,
1973,1787.1875,10.8125,
1974,1757.90625,10.9375,
1975,1803.75,10.9375,
1976,1798.96875,10.90625,
1977,1845.5625,10.875,
1978,1934.15625,11.0,
1979,1848.78125,11.0625,
1980,1754.8125,11.0625,
1981,1813.78125,10.90625,
1982,1756.5625,10.96875,
1983,1804.65625,10.96875,
1984,1775.03125,10.9375,
1985,1893.5,10.8125,
1986,1906.9375,10.9375,
1987,1740.8125,10.84375,
1988,1795.28125,11.0,
1989,1690.40625,11.03125,
1990,1738.03125,11.21875,
1991,1807.34375,10.90625,
1992,1830.125,11.0,
1993,1815.03125,10.9375,
1994,1947.8125,11.15625,
1995,1785.96875,11.03125,
1996,1801.71875,10.96875,
1997,1799.5,10.96875,
1998,1807.5,10.9375,
1999,1865.4375,11.0625,
2000,1596.5,10.875,
2001,1976.15625,11.0,
2002,2002.0,11.0,
2003,1822.15625,10.78125,
2004,1899.34375,10.96875,
2005,1915.96875,11.03125,
2006,1865.09375,11.09375,
2007,1720.09375,10.875,
2008,1805.0625,10.9375,
2009,1711.96875,11.125,
2010,1856.375,10.96875,
2011,1636.625,10.96875,
2012,1815.25,11.03125,
2013,1918.21875,10.90625,
2014,1842.84375,10.9375,
2015,1780.9375,11.1875,
2016,1837.875,11.03125,
2017,1919.625,11.09375,
2018,1825.03125,10.75,
2019,1928.53125,11.0,
2020,1737.78125,10.96875,
2021,1796.625,11.125,
2022,1851.5625,10.96875,
2023,1945.46875,10.71875,
2024,1828.8125,10.84375,
2025,1714.375,10.71875,
2026,1870.03125,10.875,
2027,1714.34375,11.0,
2028,1920.9375,11.0,
2029,1970.1875,10.9375,
2030,1808.875,11.0,
2031,1836.21875,10.78125,
2032,1836.8125,10.9375,
2033,1923.03125,11.03125,
2034,1850.0625,11.09375,
2035,1923.0,11.125,
2036,1811.90625,11.03125,
2037,1964.25,11.0625,
2038,1787.21875,10.8125,
2039,1782.125,10.90625,
2040,1896.78125,11.0,
2041,1873.75,11.09375,
2042,1870.65625,10.90625,
2043,1869.84375,10.9375,
2044,1859.5,11.0,
2045,1804.5625,11.0625,
2046,1900.90625,11.0625,
2047,1919.5625,11.03125,
2048,1942.1875,11.0625,
2049,1733.59375,11.03125,
2050,1837.53125,11.125,
2051,1930.03125,11.03125,
2052,1792.1875,11.03125,
2053,1863.59375,11.09375,
2054,1963.75,11.0625,
2055,1907.09375,11.0625,
2056,1850.0,11.09375,
2057,1756.4375,11.03125,
2058,1941.59375,11.0625,
2059,1943.0,10.90625,
2060,1975.25,10.9375,
2061,1916.84375,11.03125,
2062,1986.5,10.84375,
2063,1869.21875,11.15625,
2064,1850.875,10.96875,
2065,1975.71875,10.78125,
2066,1797.96875,10.65625,
2067,1933.1875,11.0625,
2068,1835.53125,11.09375,
2069,1852.53125,11.0,
2070,1818.5,10.96875,
2071,1862.9375,11.125,
2072,1865.71875,11.09375,
2073,1884.4375,11.09375,
2074,1977.875,10.96875,
2075,1885.90625,11.0625,
2076,1829.34375,11.0,
2077,1910.6875,11.0625,
2078,1858.34375,10.9375,
2079,2054.84375,11.03125,
2080,1855.5625,11.0,
2081,1689.875,11.0625,
2082,1902.0625,11.1875,
2083,1887.96875,11.25,
2084,1770.5,10.84375,
2085,1792.0625,11.21875,
2086,1816.71875,11.0625,
2087,1795.8125,10.90625,
2088,1932.09375,10.9375,
2089,2056.375,10.71875,
2090,1991.5625,11.0625,
2091,1877.5,11.125,
2092,1896.3125,11.0,
2093,1843.75,10.75,
2094,1917.6875,11.25,
2095,2000.71875,11.1875,
2096,2030.375,11.09375,
2097,1926.03125,11.15625,
2098,1924.28125,11.1875,
2099,1927.0,11.125,
2100,1835.28125,11.09375,
2101,2001.15625,11.09375,
2102,1841.625,11.03125,
2103,1998.65625,11.09375,
2104,1872.25,10.84375,
2105,2009.6875,11.09375,
2106,1894.40625,11.03125,
2107,1861.15625,11.09375,
2108,1729.125,11.3125,
2109,1950.15625,10.96875,
2110,2025.28125,10.875,
2111,1834.65625,11.09375,
2112,1833.0,11.0625,
2113,1815.34375,11.0,
2114,1774.9375,11.125,
2115,1865.53125,10.9375,
2116,1731.34375,11.09375,
2117,1946.875,11.0,
2118,1759.65625,11.0,
2119,1912.71875,11.03125,
2120,1885.1875,11.09375,
2121,2002.96875,10.9375,
2122,1950.96875,11.03125,
2123,2074.5625,11.125,
2124,1886.65625,11.09375,
2125,1787.59375,11.0625,
2126,1985.96875,11.15625,
2127,2031.71875,11.125,
2128,1864.78125,10.9375,
2129,2038.40625,11.0,
2130,2002.78125,11.1875,
2131,1938.34375,11.1875,
2132,2012.15625,10.96875,
2133,2061.34375,11.0625,
2134,2000.21875,11.15625,
2135,1849.875,11.1875,
2136,1951.3125,11.21875,
2137,1904.5,11.09375,
2138,2084.125,11.03125,
2139,2027.25,10.96875,
2140,1828.71875,10.90625,
2141,1979.8125,11.09375,
2142,2052.40625,11.0625,
2143,1883.09375,11.28125,
2144,1815.0,11.21875,
2145,1978.40625,10.90625,
2146,2064.71875,11.15625,
2147,2054.28125,11.1875,
2148,1948.0,11.1875,
2149,2095.15625,11.125,
2150,1876.1875,10.8125,
2151,1893.5,11.09375,
2152,1964.875,11.1875,
2153,1864.09375,10.84375,
2154,1827.03125,11.03125,
2155,1775.65625,11.1875,
2156,2032.0,11.0,
2157,1826.78125,11.0,
2158,2006.09375,10.96875,
2159,1896.6875,11.0,
2160,1924.9375,11.15625,
2161,1958.15625,10.96875,
2162,1980.4375,11.15625,
2163,1889.5,11.0,
2164,1853.46875,11.0,
2165,1848.5,11.125,
2166,2007.03125,11.0,
2167,2136.96875,11.0625,
2168,1978.28125,10.9375,
2169,1788.96875,11.0625,
2170,2100.28125,11.15625,
2171,2015.1875,11.0625,
2172,2024.8125,11.09375,
2173,1965.375,11.03125,
2174,2003.78125,11.21875,
2175,2011.34375,11.09375,
2176,1977.34375,11.28125,
2177,2029.28125,10.90625,
2178,1861.625,11.125,
2179,1932.0625,11.03125,
2180,2040.71875,11.1875,
2181,1980.9375,10.9375,
2182,2029.78125,11.1875,
2183,1923.53125,11.1875,
2184,1914.1875,11.21875,
2185,1871.4375,11.03125,
2186,1977.34375,11.21875,
2187,2037.4375,11.28125,
2188,2056.59375,10.90625,
2189,2042.96875,11.125,
2190,2009.65625,11.25,
2191,1975.3125,11.0625,
2192,2027.9375,10.9375,
2193,1736.09375,10.9375,
2194,2011.34375,11.15625,
2195,1978.3125,10.9375,
2196,1923.90625,11.0625,
2197,2019.46875,11.21875,
2198,2013.78125,11.0625,
2199,2118.59375,11.25,
2200,1893.28125,11.3125,
2201,1980.25,11.0625,
2202,1975.34375,11.03125,
2203,2075.40625,11.28125,
2204,2067.71875,11.28125,
2205,2049.0625,11.1875,
2206,2001.28125,11.21875,
2207,2107.90625,11.0625,
2208,2094.625,11.1875,
2209,1917.78125,10.875,
2210,2020.78125,11.1875,
2211,2102.5,11.125,
2212,2018.875,11.28125,
2213,2086.53125,11.09375,
2214,1910.53125,11.15625,
2215,2101.625,11.125,
2216,2113.9375,11.125,
2217,2063.15625,11.3125,
2218,1954.15625,11.15625,
2219,1977.65625,11.09375,
2220,1972.6875,11.34375,
2221,2000.1875,11.21875,
2222,2022.25,11.25,
2223,2008.15625,11.15625,
2224,1985.34375,11.0625,
2225,2157.125,11.1875,
2226,1962.125,11.34375,
2227,1871.59375,11.1875,
2228,1915.1875,11.125,
2229,2229.0,11.125,
2230,2025.875,11.0625,
2231,2166.21875,11.15625,
2232,2002.8125,11.09375,
2233,2003.53125,11.25,
2234,2029.9375,11.09375,
2235,2010.5625,10.90625,
2236,2052.40625,11.0625,
2237,2061.59375,11.09375,
2238,1909.34375,11.28125,
2239,1914.40625,10.9375,
2240,2054.625,11.3125,
2241,2101.625,11.1875,
2242,2080.65625,11.09375,
2243,2085.59375,11.0,
2244,1847.46875,11.375,
2245,2034.375,11.0,
2246,2094.96875,11.0625,
2247,1975.59375,11.25,
2248,1993.5625,11.28125,
2249,2002.65625,11.1875,
2250,2110.34375,11.0625,
2251,2099.3125,11.25,
2252,1984.59375,11.28125,
2253,2037.875,11.3125,
2254,2166.90625,11.09375,
2255,1919.84375,11.0,
2256,1996.46875,11.0625,
2257,2164.84375,11.125,
2258,2130.75,11.25,
2259,2149.875,11.125,
2260,2208.125,11.15625,
2261,2077.6875,11.3125,
2262,1915.53125,11.3125,
2263,2209.78125,11.1875,
2264,2119.75,11.1875,
2265,2071.96875,11.28125,
2266,2076.75,11.34375,
2267,2070.0,11.21875,
2268,2011.4375,11.15625,
2269,2143.09375,11.25,
2270,2163.9375,11.21875,
2271,2047.59375,11.25,
2272,2015.0,11.1875,
2273,2120.84375,11.25,
2274,2209.15625,11.09375,
2275,2205.875,11.0625,
2276,1991.96875,11.0,
2277,1880.03125,11.25,
2278,2102.8125,11.1875,
2279,2109.3125,11.0,
2280,2041.1875,11.21875,
2281,2138.8125,11.25,
2282,2155.21875,11.09375,
2283,1981.84375,11.1875,
2284,2003.46875,11.125,
2285,2064.9375,11.28125,
2286,2004.0625,11.34375,
2287,2111.6875,11.28125,
2288,2130.78125,11.09375,
2289,2115.96875,11.125,
2290,2154.40625,11.3125,
2291,2054.15625,11.09375,
2292,2031.9375,11.1875,
2293,2103.125,11.0625,
2294,2140.75,11.28125,
2295,2118.15625,11.0625,
2296,1913.84375,11.03125,
2297,1978.96875,11.21875,
2298,2034.34375,11.1875,
2299,2122.5625,11.03125,
2300,1982.0625,11.1875,
2301,2039.5625,11.375,
2302,2095.8125,11.21875,
2303,2040.4375,11.15625,
2304,2120.53125,11.15625,
2305,2199.9375,11.125,
2306,2149.9375,11.125,
2307,2256.84375,11.34375,
2308,2216.71875,11.21875,
2309,2080.8125,11.15625,
2310,2096.09375,11.4375,
2311,2128.4375,11.375,
2312,2184.75,11.1875,
2313,2108.3125,11.125,
2314,2287.28125,11.09375,
2315,2097.0625,11.1875,
2316,2188.46875,11.25,
2317,2202.9375,11.15625,
2318,2075.40625,11.15625,
2319,2317.625,11.375,
2320,2054.59375,11.1875,
2321,2102.3125,11.125,
2322,2137.8125,11.0625,
2323,2129.71875,11.34375,
2324,2094.125,10.96875,
2325,1970.375,11.25,
2326,2129.40625,11.09375,
2327,1883.21875,11.21875,
2328,2297.46875,11.0,
2329,2238.75,11.28125,
2330,2271.25,11.28125,
2331,2004.59375,11.09375,
2332,2133.875,11.15625,
2333,2026.9375,11.4375,
2334,2163.90625,10.84375,
2335,2080.625,11.3125,
2336,2149.8125,10.875,
2337,2129.28125,11.125,
2338,1957.8125,11.5,
2339,2128.875,11.0,
2340,2075.21875,10.90625,
2341,2314.875,11.4375,
2342,2117.59375,11.53125,
2343,2154.21875,11.1875,
2344,2034.59375,11.3125,
2345,2249.875,11.34375,
2346,2157.4375,11.21875,
2347,2031.84375,11.1875,
2348,2254.375,11.3125,
2349,2161.59375,11.0625,
2350,2240.75,11.3125,
2351,2261.625,11.40625,
2352,2268.21875,11.15625,
2353,2037.59375,11.34375,
2354,2254.09375,11.15625,
2355,2151.71875,11.3125,
2356,2200.53125,11.125,
2357,1929.25,11.34375,
2358,2252.15625,11.15625,
2359,2031.21875,11.0625,
2360,2219.96875,11.25,
2361,2071.28125,11.375,
2362,2157.4375,11.25,
2363,2073.84375,11.28125,
2364,2284.03125,11.25,
2365,2246.4375,11.21875,
2366,2210.15625,11.40625,
2367,2050.21875,11.09375,
2368,2220.0,11.3125,
2369,2154.125,11.34375,
2370,2124.5625,11.28125,
2371,1898.84375,11.21875,
2372,2103.375,11.34375,
2373,2188.78125,11.25,
2374,1987.625,11.34375,
2375,2160.03125,11.3125,
2376,2354.5625,11.25,
2377,2325.5,11.125,
2378,1994.75,11.34375,
2379,2274.3125,11.09375,
2380,2270.0,11.3125,
2381,2310.5625,11.21875,
2382,2268.53125,11.25,
2383,2296.65625,11.34375,
2384,2226.28125,11.21875,
2385,2163.65625,11.25,
2386,1959.78125,11.34375,
2387,2126.75,11.125,
2388,2047.53125,11.0625,
2389,2226.625,11.25,
2390,2231.09375,11.3125,
2391,2200.4375,11.125,
2392,2241.78125,11.375,
2393,2215.59375,11.34375,
2394,2224.03125,11.28125,
2395,2102.46875,11.21875,
2396,2316.9375,11.28125,
2397,2300.875,11.03125,
2398,2174.34375,10.96875,
2399,2153.8125,11.53125,
2400,2280.8125,11.15625,
2401,2219.3125,11.34375,
2402,2210.875,11.3125,
2403,2279.46875,11.40625,
2404,2214.15625,11.375,
2405,2193.09375,11.46875,
2406,2225.21875,11.28125,
2407,2228.59375,11.1875,
2408,2143.5,11.09375,
2409,2250.09375,11.34375,
2410,2164.46875,11.28125,
2411,2289.53125,11.34375,
2412,2224.65625,11.59375,
2413,2188.875,11.34375,
2414,2300.4375,11.40625,
2415,2283.34375,11.3125,
2416,2124.6875,11.1875,
2417,2306.96875,11.1875,
2418,2157.25,11.375,
2419,2208.46875,11.375,
2420,2007.96875,11.34375,
2421,2273.875,11.3125,
2422,1978.75,11.28125,
2423,2271.15625,11.34375,
2424,2314.03125,11.34375,
2425,2180.78125,11.28125,
2426,2284.25,11.3125,
2427,2138.09375,11.40625,
2428,2135.90625,11.4375,
2429,2008.03125,11.375,
2430,2109.75,11.15625,
2431,2114.40625,11.21875,
2432,2182.78125,11.375,
2433,2071.0625,11.09375,
2434,2277.28125,11.09375,
2435,2344.25,11.28125,
2436,2169.25,11.28125,
2437,2099.0625,11.3125,
2438,2103.46875,11.375,
2439,2246.90625,11.34375,
2440,2119.03125,11.21875,
2441,2261.3125,11.15625,
2442,2262.9375,11.3125,
2443,2044.3125,11.28125,
2444,2235.09375,11.34375,
2445,2122.71875,11.3125,
2446,2077.28125,11.21875,
2447,2214.5625,11.34375,
2448,2255.28125,11.4375,
2449,2318.28125,11.21875,
2450,2295.09375,11.375,
2451,1960.375,11.3125,
2452,2180.71875,11.09375,
2453,2281.5,11.4375,
2454,2121.9375,11.3125,
2455,2158.03125,11.40625,
2456,2279.15625,11.46875,
2457,2215.375,11.0625,
2458,2275.09375,11.28125,
2459,2172.71875,11.21875,
2460,2228.40625,11.375,
2461,2326.0625,11.25,
2462,2107.65625,11.1875,
2463,2246.65625,11.46875,
2464,2261.8125,11.3125,
2465,2367.59375,11.4375,
2466,2251.84375,11.09375,
2467,1979.125,11.28125,
2468,2088.375,11.4375,
2469,2208.03125,11.5,
2470,2386.375,11.28125,
2471,2154.78125,11.375,
2472,2238.96875,11.40625,
2473,2256.75,11.3125,
2474,2264.6875,11.21875,
2475,2223.71875,11.40625,
2476,2229.90625,11.4375,
2477,2233.0625,11.46875,
2478,2329.5625,11.28125,
2479,2322.625,11.46875,
2480,2354.875,11.375,
2481,2240.40625,11.25,
2482,2283.6875,11.46875,
2483,2294.59375,11.28125,
2484,2174.46875,11.59375,
2485,2259.3125,11.5,
2486,2265.25,11.21875,
2487,2327.125,11.40625,
2488,2356.59375,11.40625,
2489,2334.46875,11.28125,
2490,2082.9375,11.125,
2491,2394.0625,11.25,
2492,2206.21875,11.3125,
2493,2297.0625,11.4375,
2494,2312.875,11.40625,
2495,2388.4375,11.625,
2496,2201.78125,11.46875,
2497,2214.59375,11.25,
2498,2233.28125,11.1875,
2499,2402.0,11.5,
2500,2090.75,11.21875,
2501,2152.8125,11.375,
2502,2325.46875,11.28125,
2503,2366.8125,11.3125,
2504,2155.9375,11.28125,
2505,2268.3125,11.46875,
2506,2190.59375,11.46875,
2507,2361.0,11.28125,
2508,2334.28125,11.1875,
2509,2240.34375,11.375,
2510,2272.9375,11.40625,
2511,2320.15625,11.28125,
2512,2393.28125,11.4375,
2513,2210.84375,11.375,
2514,2307.1875,11.46875,
2515,2279.6875,11.5625,
2516,2238.5625,11.15625,
2517,2353.46875,11.5,
2518,2200.0625,11.46875,
2519,2284.65625,11.28125,
2520,2256.5,11.40625,
2521,2325.65625,11.40625,
2522,2286.875,11.5625,
2523,2348.9375,11.34375,
2524,2286.8125,11.3125,
2525,2373.65625,11.125,
2526,2224.40625,11.53125,
2527,2307.15625,11.34375,
2528,2213.90625,11.65625,
2529,2129.21875,11.1875,
2530,2225.3125,11.5,
2531,2254.9375,11.375,
2532,2394.90625,11.25,
2533,2433.9375,11.25,
2534,2354.71875,11.3125,
2535,2315.75,11.1875,
2536,2293.71875,11.125,
2537,2236.9375,11.40625,
2538,2263.71875,11.4375,
2539,2237.59375,11.34375,
2540,2173.84375,11.6875,
2541,2377.21875,11.09375,
2542,2426.4375,11.40625,
2543,2121.625,11.625,
2544,2244.9375,11.375,
2545,2219.90625,11.3125,
2546,2404.5,11.15625,
2547,2077.25,11.34375,
2548,2250.1875,11.46875,
2549,2347.875,11.375,
2550,2190.0,11.53125,
2551,2478.9375,11.5625,
2552,2324.0625,11.375,
2553,2215.4375,11.4375,
2554,2448.25,11.5,
2555,2196.84375,11.28125,
2556,2384.78125,11.25,
2557,2418.25,11.375,
2558,2390.34375,11.3125,
2559,2181.65625,11.46875,
2560,2342.84375,11.34375,
2561,2382.25,11.5,
2562,2390.40625,11.5625,
2563,2424.5625,11.40625,
2564,2201.78125,11.65625,
2565,2439.0,11.1875,
2566,2255.4375,11.53125,
2567,2496.9375,11.53125,
2568,2376.21875,11.40625,
2569,2400.96875,11.3125,
2570,2395.1875,11.28125,
2571,2445.625,11.34375,
2572,2310.625,11.34375,
2573,2362.65625,11.5625,
2574,2209.53125,11.5,
2575,2459.15625,11.375,
2576,2273.75,11.5625,
2577,2443.53125,11.375,
2578,2452.03125,11.46875,
2579,2255.4375,11.34375,
2580,2246.78125,11.5,
2581,1995.53125,11.3125,
2582,2247.9375,11.59375,
2583,2393.40625,11.34375,
2584,2394.34375,11.40625,
2585,2232.5,11.40625,
2586,2292.5625,11.4375,
2587,2410.90625,11.28125,
2588,2276.40625,11.375,
2589,2460.4375,11.59375,
2590,2493.34375,11.5,
2591,2407.78125,11.40625,
2592,2359.28125,11.5,
2593,2407.875,11.28125,
2594,2285.65625,11.59375,
2595,2348.75,11.4375,
2596,2303.15625,11.59375,
2597,2422.21875,11.5,
2598,2341.5,11.625,
2599,2472.6875,11.5,
2600,2258.59375,11.375,
2601,2257.75,10.9375,
2602,2330.21875,11.1875,
2603,2435.09375,11.40625,
2604,2352.71875,11.53125,
2605,2421.625,11.375,
2606,2490.4375,11.25,
2607,2281.21875,11.21875,
2608,2218.875,11.34375,
2609,2245.375,11.5,
2610,2261.25,11.21875,
2611,2393.0625,11.5,
2612,2513.0625,11.46875,
2613,2398.78125,11.3125,
2614,2473.15625,11.4375,
2615,2409.59375,11.5625,
2616,2372.4375,11.5,
2617,2484.9375,11.15625,
2618,2338.375,11.75,
2619,2331.625,11.4375,
2620,2462.3125,11.34375,
2621,2354.96875,11.28125,
2622,2359.21875,11.34375,
2623,2596.71875,11.40625,
2624,2498.0,11.53125,
2625,2350.625,11.375,
2626,2173.71875,11.28125,
2627,2444.96875,11.3125,
2628,2339.53125,11.28125,
2629,2485.71875,11.375,
2630,2356.90625,11.28125,
2631,2409.09375,11.53125,
2632,2349.09375,11.5625,
2633,2517.46875,11.53125,
2634,2435.0625,11.5,
2635,2486.6875,11.40625,
2636,2534.15625,11.5,
2637,2540.09375,11.4375,
2638,2496.125,11.09375,
2639,2363.96875,11.46875,
2640,2305.1875,11.46875,
2641,2553.46875,11.3125,
2642,2469.21875,11.5,
2643,2485.21875,11.5,
2644,2317.21875,11.1875,
2645,2340.875,11.40625,
2646,2225.59375,11.1875,
2647,2421.25,11.4375,
2648,2475.6875,11.5625,
2649,2402.625,11.375,
2650,2521.34375,11.53125,
2651,2327.625,11.1875,
2652,2418.15625,11.3125,
2653,2412.71875,11.5,
2654,2361.28125,11.1875,
2655,2506.3125,11.3125,
2656,2440.40625,11.3125,
2657,2480.6875,11.4375,
2658,2581.53125,11.40625,
2659,2372.46875,11.40625,
2660,2363.21875,11.5,
2661,2324.90625,11.5,
2662,2592.78125,11.28125,
2663,2481.5625,11.34375,
2664,2405.53125,11.625,
2665,2357.0,11.34375,
2666,2448.53125,11.5,
2667,2433.6875,11.375,
2668,2336.0625,11.375,
2669,2592.0,11.375,
2670,2162.1875,11.1875,
2671,2524.28125,11.5625,
2672,2446.625,11.375,
2673,2669.5,11.4375,
2674,2350.875,11.71875,
2675,2434.40625,11.5,
2676,2524.46875,11.59375,
2677,2346.6875,11.59375,
2678,2419.09375,11.375,
2679,2456.34375,11.5,
2680,2640.125,11.3125,
2681,2343.5625,11.3125,
2682,2379.0625,11.34375,
2683,2387.40625,11.5,
2684,2239.34375,11.28125,
2685,2587.65625,11.5625,
2686,2342.21875,11.65625,
2687,2390.5625,11.59375,
2688,2555.59375,11.59375,
2689,2497.875,11.6875,
2690,2542.84375,11.34375,
2691,2519.6875,11.375,
2692,2283.21875,11.625,
2693,2331.03125,11.5,
2694,2597.65625,11.53125,
2695,2521.65625,11.28125,
2696,2166.1875,11.4375,
2697,2345.53125,11.4375,
2698,2341.75,11.3125,
2699,2397.46875,11.34375,
2700,2381.9375,11.65625,
2701,2587.4375,11.5,
2702,2587.875,11.4375,
2703,2645.03125,11.46875,
2704,2509.78125,11.4375,
2705,2351.03125,11.53125,
2706,2217.125,11.5,
2707,2426.375,11.5,
2708,2573.34375,11.5,
2709,2382.71875,11.5625,
2710,2561.4375,11.5625,
2711,2569.5625,11.21875,
2712,2524.4375,11.53125,
2713,2428.84375,11.40625,
2714,2535.28125,11.40625,
2715,2269.75,11.4375,
2716,2557.34375,11.53125,
2717,2379.90625,11.53125,
2718,2379.125,11.46875,
2719,2312.625,11.375,
2720,2205.6875,11.4375,
2721,2377.90625,11.4375,
2722,2417.03125,11.46875,
2723,2607.0,11.3125,
2724,2338.875,11.78125,
2725,2408.71875,11.34375,
2726,2483.5625,11.5625,
2727,2581.0,11.5,
2728,2422.34375,11.46875,
2729,2268.03125,11.6875,
2730,2423.96875,11.28125,
2731,2458.5625,11.53125,
2732,2367.1875,11.59375,
2733,2391.1875,11.40625,
2734,2662.5,11.5625,
2735,2448.71875,11.4375,
2736,2451.65625,11.5625,
2737,2505.625,11.59375,
2738,2450.21875,11.34375,
2739,2462.8125,11.5,
2740,2325.0625,11.53125,
2741,2315.34375,11.34375,
2742,2491.84375,11.375,
2743,2556.25,11.1875,
2744,2555.375,11.4375,
2745,2477.03125,11.53125,
2746,2452.8125,11.65625,
2747,2683.5625,11.59375,
2748,2270.375,11.5,
2749,2482.125,11.6875,
2750,2446.03125,11.75,
2751,2498.21875,11.6875,
2752,2412.09375,11.71875,
2753,2482.1875,11.5625,
2754,2545.78125,11.65625,
2755,2533.25,11.5,
2756,2586.09375,11.53125,
2757,2654.90625,11.5625,
2758,2445.34375,11.59375,
2759,2305.0,11.71875,
2760,2559.0,11.40625,
2761,2540.21875,11.46875,
2762,2543.71875,11.5,
2763,2508.65625,11.4375,
2764,2460.0,11.25,
2765,2522.125,11.59375,
2766,2523.34375,11.6875,
2767,2589.78125,11.65625,
2768,2491.5625,11.3125,
2769,2511.0625,11.21875,
2770,2300.84375,11.625,
2771,2647.25,11.6875,
2772,2489.0,11.15625,
2773,2625.15625,11.53125,
2774,2589.90625,11.625,
2775,2485.4375,11.5,
2776,2501.21875,11.5625,
2777,2625.09375,11.34375,
2778,2508.0,11.625,
2779,2587.4375,11.59375,
2780,2643.96875,11.53125,
2781,2642.03125,11.5625,
2782,2386.09375,11.53125,
2783,2499.46875,11.53125,
2784,2506.125,11.65625,
2785,2623.5,11.65625,
2786,2544.59375,11.28125,
2787,2493.96875,11.71875,
2788,2155.40625,11.4375,
2789,2621.59375,11.4375,
2790,2408.03125,11.625,
2791,2732.21875,11.71875,
2792,2481.09375,11.5625,
2793,2692.875,11.65625,
2794,2605.40625,11.5625,
2795,2358.4375,11.375,
2796,2547.34375,11.40625,
2797,2684.84375,11.6875,
2798,2568.1875,11.625,
2799,2479.8125,11.4375,
2800,2646.875,11.5625,
2801,2397.6875,11.75,
2802,2489.75,11.65625,
2803,2384.90625,11.4375,
2804,2594.78125,11.5,
2805,2592.625,11.625,
2806,2500.15625,11.65625,
2807,2514.3125,11.59375,
2808,2616.78125,11.5,
2809,2547.84375,11.5625,
2810,2707.59375,11.5625,
2811,2595.1875,11.4375,
2812,2511.9375,11.375,
2813,2502.4375,11.53125,
2814,2586.71875,11.65625,
2815,2376.5,11.75,
2816,2572.6875,11.625,
2817,2486.53125,11.4375,
2818,2782.28125,11.71875,
2819,2432.96875,11.53125,
2820,2428.1875,11.46875,
2821,2454.59375,11.53125,
2822,2605.875,11.5625,
2823,2444.25,11.625,
2824,2545.0625,11.625,
2825,2489.90625,11.4375,
2826,2580.59375,11.28125,
2827,2615.59375,11.46875,
2828,2679.0,11.65625,
2829,2505.21875,11.875,
2830,2581.875,11.5,
2831,2435.25,11.40625,
2832,2322.53125,11.28125,
2833,2514.09375,11.28125,
2834,2231.25,11.34375,
2835,2648.59375,11.46875,
2836,2777.3125,11.71875,
2837,2725.96875,11.5625,
2838,2465.40625,11.53125,
2839,2647.25,11.5625,
2840,2677.6875,11.59375,
2841,2799.5625,11.53125,
2842,2755.84375,11.5625,
2843,2538.4375,11.5625,
2844,2696.03125,11.5625,
2845,2749.03125,11.53125,
2846,2382.75,11.59375,
2847,2561.53125,11.53125,
2848,2396.9375,11.53125,
2849,2446.25,11.59375,
2850,2608.03125,11.28125,
2851,2439.84375,11.46875,
2852,2667.3125,11.59375,
2853,2689.5625,11.46875,
2854,2722.15625,11.4375,
2855,2622.25,11.59375,
2856,2301.5,11.25,
2857,2479.25,11.34375,
2858,2494.28125,11.75,
2859,2697.0625,11.65625,
2860,2533.34375,11.8125,
2861,2801.90625,11.65625,
2862,2690.375,11.6875,
2863,2636.65625,11.5625,
2864,2492.5,11.375,
2865,2439.5,11.5,
2866,2478.375,11.5,
2867,2563.84375,11.65625,
2868,2633.875,11.40625,
2869,2534.90625,11.4375,
2870,2631.34375,11.5625,
2871,2667.96875,11.46875,
2872,2473.46875,11.34375,
2873,2325.09375,11.59375,
2874,2700.96875,11.75,
2875,2739.3125,11.4375,
2876,2615.90625,11.53125,
2877,2675.4375,11.8125,
2878,2588.21875,11.5625,
2879,2389.09375,11.71875,
2880,2663.09375,11.8125,
2881,2514.34375,11.375,
2882,2735.375,11.625,
2883,2667.125,11.5625,
2884,2429.96875,11.75,
2885,2698.1875,11.625,
2886,2590.71875,11.53125,
2887,2467.78125,11.5625,
2888,2691.125,11.5625,
2889,2688.65625,11.59375,
2890,2528.9375,11.65625,
2891,2625.28125,11.78125,
2892,2464.5,11.46875,
2893,2315.71875,11.4375,
2894,2477.625,11.28125,
2895,2727.53125,11.40625,
2896,2652.40625,11.6875,
2897,2775.28125,11.53125,
2898,2626.125,11.625,
2899,2504.6875,11.5,
2900,2519.0,11.40625,
2901,2504.84375,11.59375,
2902,2685.25,11.5,
2903,2353.46875,11.53125,
2904,2729.0625,11.53125,
2905,2526.3125,11.46875,
2906,2625.09375,11.65625,
2907,2666.25,11.59375,
2908,2602.90625,11.78125,
2909,2738.75,11.4375,
2910,2631.59375,11.5625,
2911,2794.03125,11.53125,
2912,2703.75,11.625,
2913,2828.125,11.5,
2914,2335.59375,11.6875,
2915,2686.09375,11.625,
2916,2675.28125,11.71875,
2917,2682.71875,11.75,
2918,2618.625,11.5625,
2919,2618.3125,11.75,
2920,2635.8125,11.4375,
2921,2558.125,11.75,
2922,2459.6875,11.5625,
2923,2747.40625,11.65625,
2924,2570.5625,11.5625,
2925,2710.6875,11.75,
2926,2671.53125,11.90625,
2927,2603.46875,11.5625,
2928,2522.0,11.65625,
2929,2726.96875,11.59375,
2930,2631.0,11.59375,
2931,2735.625,11.65625,
2932,2640.8125,11.625,
2933,2697.90625,11.53125,
2934,2453.59375,11.34375,
2935,2674.09375,11.53125,
2936,2552.125,11.6875,
2937,2787.34375,11.75,
2938,2458.1875,11.59375,
2939,2578.15625,11.59375,
2940,2808.9375,11.59375,
2941,2715.53125,11.625,
2942,2671.90625,11.84375,
2943,2590.53125,11.4375,
2944,2634.90625,11.46875,
2945,2665.25,11.6875,
2946,2658.53125,11.78125,
2947,2571.34375,11.59375,
2948,2647.75,11.59375,
2949,2661.0625,11.4375,
2950,2801.9375,11.65625,
2951,2750.71875,11.3125,
2952,2635.96875,11.4375,
2953,2714.875,11.625,
2954,2538.0625,11.59375,
2955,2690.40625,11.4375,
2956,2614.9375,11.28125,
2957,2798.625,11.59375,
2958,2703.46875,11.6875,
2959,2700.46875,11.59375,
2960,2410.09375,11.5625,
2961,2381.5,11.625,
2962,2804.34375,11.65625,
2963,2569.9375,11.90625,
2964,2772.96875,11.53125,
2965,2863.5625,11.625,
2966,2300.03125,11.5625,
2967,2502.8125,11.5,
2968,2590.5625,11.5,
2969,2529.8125,11.8125,
2970,2794.09375,11.46875,
2971,2747.09375,11.5,
2972,2570.0625,11.65625,
2973,2646.75,11.625,
2974,2656.9375,11.90625,
2975,2784.625,11.5625,
2976,2564.5,11.4375,
2977,2882.3125,11.65625,
2978,2686.3125,11.59375,
2979,2689.25,11.40625,
2980,2816.78125,11.75,
2981,2510.25,11.65625,
2982,2476.9375,11.8125,
2983,2824.46875,11.5625,
2984,2727.28125,11.625,
2985,2561.53125,11.375,
2986,2792.53125,11.65625,
2987,2717.09375,11.5625,
2988,2797.375,11.5625,
2989,2711.90625,11.53125,
2990,2783.5625,11.6875,
2991,2616.21875,11.65625,
2992,2644.34375,11.8125,
2993,2749.46875,11.46875,
2994,2679.1875,11.71875,
2995,2820.65625,11.5625,
2996,2493.8125,11.6875,
2997,2705.59375,11.46875,
2998,2474.4375,11.53125,
2999,2842.1875,11.53125,
3000,2711.3125,11.6875,
